CleDate,Date,Annee,Trimestre,MoisNumero,MoisNom,AnneeMois
20200101,01/01/2020,2020,1,1,January,2020-01
20200102,02/01/2020,2020,1,1,January,2020-01
20200103,03/01/2020,2020,1,1,January,2020-01
20200104,04/01/2020,2020,1,1,January,2020-01
20200105,05/01/2020,2020,1,1,January,2020-01
20200106,06/01/2020,2020,1,1,January,2020-01
20200107,07/01/2020,2020,1,1,January,2020-01
20200108,08/01/2020,2020,1,1,January,2020-01
20200109,09/01/2020,2020,1,1,January,2020-01
20200110,10/01/2020,2020,1,1,January,2020-01
20200111,11/01/2020,2020,1,1,January,2020-01
20200112,12/01/2020,2020,1,1,January,2020-01
20200113,13/01/2020,2020,1,1,January,2020-01
20200114,14/01/2020,2020,1,1,January,2020-01
20200115,15/01/2020,2020,1,1,January,2020-01
20200116,16/01/2020,2020,1,1,January,2020-01
20200117,17/01/2020,2020,1,1,January,2020-01
20200118,18/01/2020,2020,1,1,January,2020-01
20200119,19/01/2020,2020,1,1,January,2020-01
20200120,20/01/2020,2020,1,1,January,2020-01
20200121,21/01/2020,2020,1,1,January,2020-01
20200122,22/01/2020,2020,1,1,January,2020-01
20200123,23/01/2020,2020,1,1,January,2020-01
20200124,24/01/2020,2020,1,1,January,2020-01
20200125,25/01/2020,2020,1,1,January,2020-01
20200126,26/01/2020,2020,1,1,January,2020-01
20200127,27/01/2020,2020,1,1,January,2020-01
20200128,28/01/2020,2020,1,1,January,2020-01
20200129,29/01/2020,2020,1,1,January,2020-01
20200130,30/01/2020,2020,1,1,January,2020-01
20200131,31/01/2020,2020,1,1,January,2020-01
20200201,01/02/2020,2020,1,2,February,2020-02
20200202,02/02/2020,2020,1,2,February,2020-02
20200203,03/02/2020,2020,1,2,February,2020-02
20200204,04/02/2020,2020,1,2,February,2020-02
20200205,05/02/2020,2020,1,2,February,2020-02
20200206,06/02/2020,2020,1,2,February,2020-02
20200207,07/02/2020,2020,1,2,February,2020-02
20200208,08/02/2020,2020,1,2,February,2020-02
20200209,09/02/2020,2020,1,2,February,2020-02
20200210,10/02/2020,2020,1,2,February,2020-02
20200211,11/02/2020,2020,1,2,February,2020-02
20200212,12/02/2020,2020,1,2,February,2020-02
20200213,13/02/2020,2020,1,2,February,2020-02
20200214,14/02/2020,2020,1,2,February,2020-02
20200215,15/02/2020,2020,1,2,February,2020-02
20200216,16/02/2020,2020,1,2,February,2020-02
20200217,17/02/2020,2020,1,2,February,2020-02
20200218,18/02/2020,2020,1,2,February,2020-02
20200219,19/02/2020,2020,1,2,February,2020-02
20200220,20/02/2020,2020,1,2,February,2020-02
20200221,21/02/2020,2020,1,2,February,2020-02
20200222,22/02/2020,2020,1,2,February,2020-02
20200223,23/02/2020,2020,1,2,February,2020-02
20200224,24/02/2020,2020,1,2,February,2020-02
20200225,25/02/2020,2020,1,2,February,2020-02
20200226,26/02/2020,2020,1,2,February,2020-02
20200227,27/02/2020,2020,1,2,February,2020-02
20200228,28/02/2020,2020,1,2,February,2020-02
20200229,29/02/2020,2020,1,2,February,2020-02
20200301,01/03/2020,2020,1,3,March,2020-03
20200302,02/03/2020,2020,1,3,March,2020-03
20200303,03/03/2020,2020,1,3,March,2020-03
20200304,04/03/2020,2020,1,3,March,2020-03
20200305,05/03/2020,2020,1,3,March,2020-03
20200306,06/03/2020,2020,1,3,March,2020-03
20200307,07/03/2020,2020,1,3,March,2020-03
20200308,08/03/2020,2020,1,3,March,2020-03
20200309,09/03/2020,2020,1,3,March,2020-03
20200310,10/03/2020,2020,1,3,March,2020-03
20200311,11/03/2020,2020,1,3,March,2020-03
20200312,12/03/2020,2020,1,3,March,2020-03
20200313,13/03/2020,2020,1,3,March,2020-03
20200314,14/03/2020,2020,1,3,March,2020-03
20200315,15/03/2020,2020,1,3,March,2020-03
20200316,16/03/2020,2020,1,3,March,2020-03
20200317,17/03/2020,2020,1,3,March,2020-03
20200318,18/03/2020,2020,1,3,March,2020-03
20200319,19/03/2020,2020,1,3,March,2020-03
20200320,20/03/2020,2020,1,3,March,2020-03
20200321,21/03/2020,2020,1,3,March,2020-03
20200322,22/03/2020,2020,1,3,March,2020-03
20200323,23/03/2020,2020,1,3,March,2020-03
20200324,24/03/2020,2020,1,3,March,2020-03
20200325,25/03/2020,2020,1,3,March,2020-03
20200326,26/03/2020,2020,1,3,March,2020-03
20200327,27/03/2020,2020,1,3,March,2020-03
20200328,28/03/2020,2020,1,3,March,2020-03
20200329,29/03/2020,2020,1,3,March,2020-03
20200330,30/03/2020,2020,1,3,March,2020-03
20200331,31/03/2020,2020,1,3,March,2020-03
20200401,01/04/2020,2020,2,4,April,2020-04
20200402,02/04/2020,2020,2,4,April,2020-04
20200403,03/04/2020,2020,2,4,April,2020-04
20200404,04/04/2020,2020,2,4,April,2020-04
20200405,05/04/2020,2020,2,4,April,2020-04
20200406,06/04/2020,2020,2,4,April,2020-04
20200407,07/04/2020,2020,2,4,April,2020-04
20200408,08/04/2020,2020,2,4,April,2020-04
20200409,09/04/2020,2020,2,4,April,2020-04
20200410,10/04/2020,2020,2,4,April,2020-04
20200411,11/04/2020,2020,2,4,April,2020-04
20200412,12/04/2020,2020,2,4,April,2020-04
20200413,13/04/2020,2020,2,4,April,2020-04
20200414,14/04/2020,2020,2,4,April,2020-04
20200415,15/04/2020,2020,2,4,April,2020-04
20200416,16/04/2020,2020,2,4,April,2020-04
20200417,17/04/2020,2020,2,4,April,2020-04
20200418,18/04/2020,2020,2,4,April,2020-04
20200419,19/04/2020,2020,2,4,April,2020-04
20200420,20/04/2020,2020,2,4,April,2020-04
20200421,21/04/2020,2020,2,4,April,2020-04
20200422,22/04/2020,2020,2,4,April,2020-04
20200423,23/04/2020,2020,2,4,April,2020-04
20200424,24/04/2020,2020,2,4,April,2020-04
20200425,25/04/2020,2020,2,4,April,2020-04
20200426,26/04/2020,2020,2,4,April,2020-04
20200427,27/04/2020,2020,2,4,April,2020-04
20200428,28/04/2020,2020,2,4,April,2020-04
20200429,29/04/2020,2020,2,4,April,2020-04
20200430,30/04/2020,2020,2,4,April,2020-04
20200501,01/05/2020,2020,2,5,May,2020-05
20200502,02/05/2020,2020,2,5,May,2020-05
20200503,03/05/2020,2020,2,5,May,2020-05
20200504,04/05/2020,2020,2,5,May,2020-05
20200505,05/05/2020,2020,2,5,May,2020-05
20200506,06/05/2020,2020,2,5,May,2020-05
20200507,07/05/2020,2020,2,5,May,2020-05
20200508,08/05/2020,2020,2,5,May,2020-05
20200509,09/05/2020,2020,2,5,May,2020-05
20200510,10/05/2020,2020,2,5,May,2020-05
20200511,11/05/2020,2020,2,5,May,2020-05
20200512,12/05/2020,2020,2,5,May,2020-05
20200513,13/05/2020,2020,2,5,May,2020-05
20200514,14/05/2020,2020,2,5,May,2020-05
20200515,15/05/2020,2020,2,5,May,2020-05
20200516,16/05/2020,2020,2,5,May,2020-05
20200517,17/05/2020,2020,2,5,May,2020-05
20200518,18/05/2020,2020,2,5,May,2020-05
20200519,19/05/2020,2020,2,5,May,2020-05
20200520,20/05/2020,2020,2,5,May,2020-05
20200521,21/05/2020,2020,2,5,May,2020-05
20200522,22/05/2020,2020,2,5,May,2020-05
20200523,23/05/2020,2020,2,5,May,2020-05
20200524,24/05/2020,2020,2,5,May,2020-05
20200525,25/05/2020,2020,2,5,May,2020-05
20200526,26/05/2020,2020,2,5,May,2020-05
20200527,27/05/2020,2020,2,5,May,2020-05
20200528,28/05/2020,2020,2,5,May,2020-05
20200529,29/05/2020,2020,2,5,May,2020-05
20200530,30/05/2020,2020,2,5,May,2020-05
20200531,31/05/2020,2020,2,5,May,2020-05
20200601,01/06/2020,2020,2,6,June,2020-06
20200602,02/06/2020,2020,2,6,June,2020-06
20200603,03/06/2020,2020,2,6,June,2020-06
20200604,04/06/2020,2020,2,6,June,2020-06
20200605,05/06/2020,2020,2,6,June,2020-06
20200606,06/06/2020,2020,2,6,June,2020-06
20200607,07/06/2020,2020,2,6,June,2020-06
20200608,08/06/2020,2020,2,6,June,2020-06
20200609,09/06/2020,2020,2,6,June,2020-06
20200610,10/06/2020,2020,2,6,June,2020-06
20200611,11/06/2020,2020,2,6,June,2020-06
20200612,12/06/2020,2020,2,6,June,2020-06
20200613,13/06/2020,2020,2,6,June,2020-06
20200614,14/06/2020,2020,2,6,June,2020-06
20200615,15/06/2020,2020,2,6,June,2020-06
20200616,16/06/2020,2020,2,6,June,2020-06
20200617,17/06/2020,2020,2,6,June,2020-06
20200618,18/06/2020,2020,2,6,June,2020-06
20200619,19/06/2020,2020,2,6,June,2020-06
20200620,20/06/2020,2020,2,6,June,2020-06
20200621,21/06/2020,2020,2,6,June,2020-06
20200622,22/06/2020,2020,2,6,June,2020-06
20200623,23/06/2020,2020,2,6,June,2020-06
20200624,24/06/2020,2020,2,6,June,2020-06
20200625,25/06/2020,2020,2,6,June,2020-06
20200626,26/06/2020,2020,2,6,June,2020-06
20200627,27/06/2020,2020,2,6,June,2020-06
20200628,28/06/2020,2020,2,6,June,2020-06
20200629,29/06/2020,2020,2,6,June,2020-06
20200630,30/06/2020,2020,2,6,June,2020-06
20200701,01/07/2020,2020,3,7,July,2020-07
20200702,02/07/2020,2020,3,7,July,2020-07
20200703,03/07/2020,2020,3,7,July,2020-07
20200704,04/07/2020,2020,3,7,July,2020-07
20200705,05/07/2020,2020,3,7,July,2020-07
20200706,06/07/2020,2020,3,7,July,2020-07
20200707,07/07/2020,2020,3,7,July,2020-07
20200708,08/07/2020,2020,3,7,July,2020-07
20200709,09/07/2020,2020,3,7,July,2020-07
20200710,10/07/2020,2020,3,7,July,2020-07
20200711,11/07/2020,2020,3,7,July,2020-07
20200712,12/07/2020,2020,3,7,July,2020-07
20200713,13/07/2020,2020,3,7,July,2020-07
20200714,14/07/2020,2020,3,7,July,2020-07
20200715,15/07/2020,2020,3,7,July,2020-07
20200716,16/07/2020,2020,3,7,July,2020-07
20200717,17/07/2020,2020,3,7,July,2020-07
20200718,18/07/2020,2020,3,7,July,2020-07
20200719,19/07/2020,2020,3,7,July,2020-07
20200720,20/07/2020,2020,3,7,July,2020-07
20200721,21/07/2020,2020,3,7,July,2020-07
20200722,22/07/2020,2020,3,7,July,2020-07
20200723,23/07/2020,2020,3,7,July,2020-07
20200724,24/07/2020,2020,3,7,July,2020-07
20200725,25/07/2020,2020,3,7,July,2020-07
20200726,26/07/2020,2020,3,7,July,2020-07
20200727,27/07/2020,2020,3,7,July,2020-07
20200728,28/07/2020,2020,3,7,July,2020-07
20200729,29/07/2020,2020,3,7,July,2020-07
20200730,30/07/2020,2020,3,7,July,2020-07
20200731,31/07/2020,2020,3,7,July,2020-07
20200801,01/08/2020,2020,3,8,August,2020-08
20200802,02/08/2020,2020,3,8,August,2020-08
20200803,03/08/2020,2020,3,8,August,2020-08
20200804,04/08/2020,2020,3,8,August,2020-08
20200805,05/08/2020,2020,3,8,August,2020-08
20200806,06/08/2020,2020,3,8,August,2020-08
20200807,07/08/2020,2020,3,8,August,2020-08
20200808,08/08/2020,2020,3,8,August,2020-08
20200809,09/08/2020,2020,3,8,August,2020-08
20200810,10/08/2020,2020,3,8,August,2020-08
20200811,11/08/2020,2020,3,8,August,2020-08
20200812,12/08/2020,2020,3,8,August,2020-08
20200813,13/08/2020,2020,3,8,August,2020-08
20200814,14/08/2020,2020,3,8,August,2020-08
20200815,15/08/2020,2020,3,8,August,2020-08
20200816,16/08/2020,2020,3,8,August,2020-08
20200817,17/08/2020,2020,3,8,August,2020-08
20200818,18/08/2020,2020,3,8,August,2020-08
20200819,19/08/2020,2020,3,8,August,2020-08
20200820,20/08/2020,2020,3,8,August,2020-08
20200821,21/08/2020,2020,3,8,August,2020-08
20200822,22/08/2020,2020,3,8,August,2020-08
20200823,23/08/2020,2020,3,8,August,2020-08
20200824,24/08/2020,2020,3,8,August,2020-08
20200825,25/08/2020,2020,3,8,August,2020-08
20200826,26/08/2020,2020,3,8,August,2020-08
20200827,27/08/2020,2020,3,8,August,2020-08
20200828,28/08/2020,2020,3,8,August,2020-08
20200829,29/08/2020,2020,3,8,August,2020-08
20200830,30/08/2020,2020,3,8,August,2020-08
20200831,31/08/2020,2020,3,8,August,2020-08
20200901,01/09/2020,2020,3,9,September,2020-09
20200902,02/09/2020,2020,3,9,September,2020-09
20200903,03/09/2020,2020,3,9,September,2020-09
20200904,04/09/2020,2020,3,9,September,2020-09
20200905,05/09/2020,2020,3,9,September,2020-09
20200906,06/09/2020,2020,3,9,September,2020-09
20200907,07/09/2020,2020,3,9,September,2020-09
20200908,08/09/2020,2020,3,9,September,2020-09
20200909,09/09/2020,2020,3,9,September,2020-09
20200910,10/09/2020,2020,3,9,September,2020-09
20200911,11/09/2020,2020,3,9,September,2020-09
20200912,12/09/2020,2020,3,9,September,2020-09
20200913,13/09/2020,2020,3,9,September,2020-09
20200914,14/09/2020,2020,3,9,September,2020-09
20200915,15/09/2020,2020,3,9,September,2020-09
20200916,16/09/2020,2020,3,9,September,2020-09
20200917,17/09/2020,2020,3,9,September,2020-09
20200918,18/09/2020,2020,3,9,September,2020-09
20200919,19/09/2020,2020,3,9,September,2020-09
20200920,20/09/2020,2020,3,9,September,2020-09
20200921,21/09/2020,2020,3,9,September,2020-09
20200922,22/09/2020,2020,3,9,September,2020-09
20200923,23/09/2020,2020,3,9,September,2020-09
20200924,24/09/2020,2020,3,9,September,2020-09
20200925,25/09/2020,2020,3,9,September,2020-09
20200926,26/09/2020,2020,3,9,September,2020-09
20200927,27/09/2020,2020,3,9,September,2020-09
20200928,28/09/2020,2020,3,9,September,2020-09
20200929,29/09/2020,2020,3,9,September,2020-09
20200930,30/09/2020,2020,3,9,September,2020-09
20201001,01/10/2020,2020,4,10,October,2020-10
20201002,02/10/2020,2020,4,10,October,2020-10
20201003,03/10/2020,2020,4,10,October,2020-10
20201004,04/10/2020,2020,4,10,October,2020-10
20201005,05/10/2020,2020,4,10,October,2020-10
20201006,06/10/2020,2020,4,10,October,2020-10
20201007,07/10/2020,2020,4,10,October,2020-10
20201008,08/10/2020,2020,4,10,October,2020-10
20201009,09/10/2020,2020,4,10,October,2020-10
20201010,10/10/2020,2020,4,10,October,2020-10
20201011,11/10/2020,2020,4,10,October,2020-10
20201012,12/10/2020,2020,4,10,October,2020-10
20201013,13/10/2020,2020,4,10,October,2020-10
20201014,14/10/2020,2020,4,10,October,2020-10
20201015,15/10/2020,2020,4,10,October,2020-10
20201016,16/10/2020,2020,4,10,October,2020-10
20201017,17/10/2020,2020,4,10,October,2020-10
20201018,18/10/2020,2020,4,10,October,2020-10
20201019,19/10/2020,2020,4,10,October,2020-10
20201020,20/10/2020,2020,4,10,October,2020-10
20201021,21/10/2020,2020,4,10,October,2020-10
20201022,22/10/2020,2020,4,10,October,2020-10
20201023,23/10/2020,2020,4,10,October,2020-10
20201024,24/10/2020,2020,4,10,October,2020-10
20201025,25/10/2020,2020,4,10,October,2020-10
20201026,26/10/2020,2020,4,10,October,2020-10
20201027,27/10/2020,2020,4,10,October,2020-10
20201028,28/10/2020,2020,4,10,October,2020-10
20201029,29/10/2020,2020,4,10,October,2020-10
20201030,30/10/2020,2020,4,10,October,2020-10
20201031,31/10/2020,2020,4,10,October,2020-10
20201101,01/11/2020,2020,4,11,November,2020-11
20201102,02/11/2020,2020,4,11,November,2020-11
20201103,03/11/2020,2020,4,11,November,2020-11
20201104,04/11/2020,2020,4,11,November,2020-11
20201105,05/11/2020,2020,4,11,November,2020-11
20201106,06/11/2020,2020,4,11,November,2020-11
20201107,07/11/2020,2020,4,11,November,2020-11
20201108,08/11/2020,2020,4,11,November,2020-11
20201109,09/11/2020,2020,4,11,November,2020-11
20201110,10/11/2020,2020,4,11,November,2020-11
20201111,11/11/2020,2020,4,11,November,2020-11
20201112,12/11/2020,2020,4,11,November,2020-11
20201113,13/11/2020,2020,4,11,November,2020-11
20201114,14/11/2020,2020,4,11,November,2020-11
20201115,15/11/2020,2020,4,11,November,2020-11
20201116,16/11/2020,2020,4,11,November,2020-11
20201117,17/11/2020,2020,4,11,November,2020-11
20201118,18/11/2020,2020,4,11,November,2020-11
20201119,19/11/2020,2020,4,11,November,2020-11
20201120,20/11/2020,2020,4,11,November,2020-11
20201121,21/11/2020,2020,4,11,November,2020-11
20201122,22/11/2020,2020,4,11,November,2020-11
20201123,23/11/2020,2020,4,11,November,2020-11
20201124,24/11/2020,2020,4,11,November,2020-11
20201125,25/11/2020,2020,4,11,November,2020-11
20201126,26/11/2020,2020,4,11,November,2020-11
20201127,27/11/2020,2020,4,11,November,2020-11
20201128,28/11/2020,2020,4,11,November,2020-11
20201129,29/11/2020,2020,4,11,November,2020-11
20201130,30/11/2020,2020,4,11,November,2020-11
20201201,01/12/2020,2020,4,12,December,2020-12
20201202,02/12/2020,2020,4,12,December,2020-12
20201203,03/12/2020,2020,4,12,December,2020-12
20201204,04/12/2020,2020,4,12,December,2020-12
20201205,05/12/2020,2020,4,12,December,2020-12
20201206,06/12/2020,2020,4,12,December,2020-12
20201207,07/12/2020,2020,4,12,December,2020-12
20201208,08/12/2020,2020,4,12,December,2020-12
20201209,09/12/2020,2020,4,12,December,2020-12
20201210,10/12/2020,2020,4,12,December,2020-12
20201211,11/12/2020,2020,4,12,December,2020-12
20201212,12/12/2020,2020,4,12,December,2020-12
20201213,13/12/2020,2020,4,12,December,2020-12
20201214,14/12/2020,2020,4,12,December,2020-12
20201215,15/12/2020,2020,4,12,December,2020-12
20201216,16/12/2020,2020,4,12,December,2020-12
20201217,17/12/2020,2020,4,12,December,2020-12
20201218,18/12/2020,2020,4,12,December,2020-12
20201219,19/12/2020,2020,4,12,December,2020-12
20201220,20/12/2020,2020,4,12,December,2020-12
20201221,21/12/2020,2020,4,12,December,2020-12
20201222,22/12/2020,2020,4,12,December,2020-12
20201223,23/12/2020,2020,4,12,December,2020-12
20201224,24/12/2020,2020,4,12,December,2020-12
20201225,25/12/2020,2020,4,12,December,2020-12
20201226,26/12/2020,2020,4,12,December,2020-12
20201227,27/12/2020,2020,4,12,December,2020-12
20201228,28/12/2020,2020,4,12,December,2020-12
20201229,29/12/2020,2020,4,12,December,2020-12
20201230,30/12/2020,2020,4,12,December,2020-12
20201231,31/12/2020,2020,4,12,December,2020-12
20210101,01/01/2021,2021,1,1,January,2021-01
20210102,02/01/2021,2021,1,1,January,2021-01
20210103,03/01/2021,2021,1,1,January,2021-01
20210104,04/01/2021,2021,1,1,January,2021-01
20210105,05/01/2021,2021,1,1,January,2021-01
20210106,06/01/2021,2021,1,1,January,2021-01
20210107,07/01/2021,2021,1,1,January,2021-01
20210108,08/01/2021,2021,1,1,January,2021-01
20210109,09/01/2021,2021,1,1,January,2021-01
20210110,10/01/2021,2021,1,1,January,2021-01
20210111,11/01/2021,2021,1,1,January,2021-01
20210112,12/01/2021,2021,1,1,January,2021-01
20210113,13/01/2021,2021,1,1,January,2021-01
20210114,14/01/2021,2021,1,1,January,2021-01
20210115,15/01/2021,2021,1,1,January,2021-01
20210116,16/01/2021,2021,1,1,January,2021-01
20210117,17/01/2021,2021,1,1,January,2021-01
20210118,18/01/2021,2021,1,1,January,2021-01
20210119,19/01/2021,2021,1,1,January,2021-01
20210120,20/01/2021,2021,1,1,January,2021-01
20210121,21/01/2021,2021,1,1,January,2021-01
20210122,22/01/2021,2021,1,1,January,2021-01
20210123,23/01/2021,2021,1,1,January,2021-01
20210124,24/01/2021,2021,1,1,January,2021-01
20210125,25/01/2021,2021,1,1,January,2021-01
20210126,26/01/2021,2021,1,1,January,2021-01
20210127,27/01/2021,2021,1,1,January,2021-01
20210128,28/01/2021,2021,1,1,January,2021-01
20210129,29/01/2021,2021,1,1,January,2021-01
20210130,30/01/2021,2021,1,1,January,2021-01
20210131,31/01/2021,2021,1,1,January,2021-01
20210201,01/02/2021,2021,1,2,February,2021-02
20210202,02/02/2021,2021,1,2,February,2021-02
20210203,03/02/2021,2021,1,2,February,2021-02
20210204,04/02/2021,2021,1,2,February,2021-02
20210205,05/02/2021,2021,1,2,February,2021-02
20210206,06/02/2021,2021,1,2,February,2021-02
20210207,07/02/2021,2021,1,2,February,2021-02
20210208,08/02/2021,2021,1,2,February,2021-02
20210209,09/02/2021,2021,1,2,February,2021-02
20210210,10/02/2021,2021,1,2,February,2021-02
20210211,11/02/2021,2021,1,2,February,2021-02
20210212,12/02/2021,2021,1,2,February,2021-02
20210213,13/02/2021,2021,1,2,February,2021-02
20210214,14/02/2021,2021,1,2,February,2021-02
20210215,15/02/2021,2021,1,2,February,2021-02
20210216,16/02/2021,2021,1,2,February,2021-02
20210217,17/02/2021,2021,1,2,February,2021-02
20210218,18/02/2021,2021,1,2,February,2021-02
20210219,19/02/2021,2021,1,2,February,2021-02
20210220,20/02/2021,2021,1,2,February,2021-02
20210221,21/02/2021,2021,1,2,February,2021-02
20210222,22/02/2021,2021,1,2,February,2021-02
20210223,23/02/2021,2021,1,2,February,2021-02
20210224,24/02/2021,2021,1,2,February,2021-02
20210225,25/02/2021,2021,1,2,February,2021-02
20210226,26/02/2021,2021,1,2,February,2021-02
20210227,27/02/2021,2021,1,2,February,2021-02
20210228,28/02/2021,2021,1,2,February,2021-02
20210301,01/03/2021,2021,1,3,March,2021-03
20210302,02/03/2021,2021,1,3,March,2021-03
20210303,03/03/2021,2021,1,3,March,2021-03
20210304,04/03/2021,2021,1,3,March,2021-03
20210305,05/03/2021,2021,1,3,March,2021-03
20210306,06/03/2021,2021,1,3,March,2021-03
20210307,07/03/2021,2021,1,3,March,2021-03
20210308,08/03/2021,2021,1,3,March,2021-03
20210309,09/03/2021,2021,1,3,March,2021-03
20210310,10/03/2021,2021,1,3,March,2021-03
20210311,11/03/2021,2021,1,3,March,2021-03
20210312,12/03/2021,2021,1,3,March,2021-03
20210313,13/03/2021,2021,1,3,March,2021-03
20210314,14/03/2021,2021,1,3,March,2021-03
20210315,15/03/2021,2021,1,3,March,2021-03
20210316,16/03/2021,2021,1,3,March,2021-03
20210317,17/03/2021,2021,1,3,March,2021-03
20210318,18/03/2021,2021,1,3,March,2021-03
20210319,19/03/2021,2021,1,3,March,2021-03
20210320,20/03/2021,2021,1,3,March,2021-03
20210321,21/03/2021,2021,1,3,March,2021-03
20210322,22/03/2021,2021,1,3,March,2021-03
20210323,23/03/2021,2021,1,3,March,2021-03
20210324,24/03/2021,2021,1,3,March,2021-03
20210325,25/03/2021,2021,1,3,March,2021-03
20210326,26/03/2021,2021,1,3,March,2021-03
20210327,27/03/2021,2021,1,3,March,2021-03
20210328,28/03/2021,2021,1,3,March,2021-03
20210329,29/03/2021,2021,1,3,March,2021-03
20210330,30/03/2021,2021,1,3,March,2021-03
20210331,31/03/2021,2021,1,3,March,2021-03
20210401,01/04/2021,2021,2,4,April,2021-04
20210402,02/04/2021,2021,2,4,April,2021-04
20210403,03/04/2021,2021,2,4,April,2021-04
20210404,04/04/2021,2021,2,4,April,2021-04
20210405,05/04/2021,2021,2,4,April,2021-04
20210406,06/04/2021,2021,2,4,April,2021-04
20210407,07/04/2021,2021,2,4,April,2021-04
20210408,08/04/2021,2021,2,4,April,2021-04
20210409,09/04/2021,2021,2,4,April,2021-04
20210410,10/04/2021,2021,2,4,April,2021-04
20210411,11/04/2021,2021,2,4,April,2021-04
20210412,12/04/2021,2021,2,4,April,2021-04
20210413,13/04/2021,2021,2,4,April,2021-04
20210414,14/04/2021,2021,2,4,April,2021-04
20210415,15/04/2021,2021,2,4,April,2021-04
20210416,16/04/2021,2021,2,4,April,2021-04
20210417,17/04/2021,2021,2,4,April,2021-04
20210418,18/04/2021,2021,2,4,April,2021-04
20210419,19/04/2021,2021,2,4,April,2021-04
20210420,20/04/2021,2021,2,4,April,2021-04
20210421,21/04/2021,2021,2,4,April,2021-04
20210422,22/04/2021,2021,2,4,April,2021-04
20210423,23/04/2021,2021,2,4,April,2021-04
20210424,24/04/2021,2021,2,4,April,2021-04
20210425,25/04/2021,2021,2,4,April,2021-04
20210426,26/04/2021,2021,2,4,April,2021-04
20210427,27/04/2021,2021,2,4,April,2021-04
20210428,28/04/2021,2021,2,4,April,2021-04
20210429,29/04/2021,2021,2,4,April,2021-04
20210430,30/04/2021,2021,2,4,April,2021-04
20210501,01/05/2021,2021,2,5,May,2021-05
20210502,02/05/2021,2021,2,5,May,2021-05
20210503,03/05/2021,2021,2,5,May,2021-05
20210504,04/05/2021,2021,2,5,May,2021-05
20210505,05/05/2021,2021,2,5,May,2021-05
20210506,06/05/2021,2021,2,5,May,2021-05
20210507,07/05/2021,2021,2,5,May,2021-05
20210508,08/05/2021,2021,2,5,May,2021-05
20210509,09/05/2021,2021,2,5,May,2021-05
20210510,10/05/2021,2021,2,5,May,2021-05
20210511,11/05/2021,2021,2,5,May,2021-05
20210512,12/05/2021,2021,2,5,May,2021-05
20210513,13/05/2021,2021,2,5,May,2021-05
20210514,14/05/2021,2021,2,5,May,2021-05
20210515,15/05/2021,2021,2,5,May,2021-05
20210516,16/05/2021,2021,2,5,May,2021-05
20210517,17/05/2021,2021,2,5,May,2021-05
20210518,18/05/2021,2021,2,5,May,2021-05
20210519,19/05/2021,2021,2,5,May,2021-05
20210520,20/05/2021,2021,2,5,May,2021-05
20210521,21/05/2021,2021,2,5,May,2021-05
20210522,22/05/2021,2021,2,5,May,2021-05
20210523,23/05/2021,2021,2,5,May,2021-05
20210524,24/05/2021,2021,2,5,May,2021-05
20210525,25/05/2021,2021,2,5,May,2021-05
20210526,26/05/2021,2021,2,5,May,2021-05
20210527,27/05/2021,2021,2,5,May,2021-05
20210528,28/05/2021,2021,2,5,May,2021-05
20210529,29/05/2021,2021,2,5,May,2021-05
20210530,30/05/2021,2021,2,5,May,2021-05
20210531,31/05/2021,2021,2,5,May,2021-05
20210601,01/06/2021,2021,2,6,June,2021-06
20210602,02/06/2021,2021,2,6,June,2021-06
20210603,03/06/2021,2021,2,6,June,2021-06
20210604,04/06/2021,2021,2,6,June,2021-06
20210605,05/06/2021,2021,2,6,June,2021-06
20210606,06/06/2021,2021,2,6,June,2021-06
20210607,07/06/2021,2021,2,6,June,2021-06
20210608,08/06/2021,2021,2,6,June,2021-06
20210609,09/06/2021,2021,2,6,June,2021-06
20210610,10/06/2021,2021,2,6,June,2021-06
20210611,11/06/2021,2021,2,6,June,2021-06
20210612,12/06/2021,2021,2,6,June,2021-06
20210613,13/06/2021,2021,2,6,June,2021-06
20210614,14/06/2021,2021,2,6,June,2021-06
20210615,15/06/2021,2021,2,6,June,2021-06
20210616,16/06/2021,2021,2,6,June,2021-06
20210617,17/06/2021,2021,2,6,June,2021-06
20210618,18/06/2021,2021,2,6,June,2021-06
20210619,19/06/2021,2021,2,6,June,2021-06
20210620,20/06/2021,2021,2,6,June,2021-06
20210621,21/06/2021,2021,2,6,June,2021-06
20210622,22/06/2021,2021,2,6,June,2021-06
20210623,23/06/2021,2021,2,6,June,2021-06
20210624,24/06/2021,2021,2,6,June,2021-06
20210625,25/06/2021,2021,2,6,June,2021-06
20210626,26/06/2021,2021,2,6,June,2021-06
20210627,27/06/2021,2021,2,6,June,2021-06
20210628,28/06/2021,2021,2,6,June,2021-06
20210629,29/06/2021,2021,2,6,June,2021-06
20210630,30/06/2021,2021,2,6,June,2021-06
20210701,01/07/2021,2021,3,7,July,2021-07
20210702,02/07/2021,2021,3,7,July,2021-07
20210703,03/07/2021,2021,3,7,July,2021-07
20210704,04/07/2021,2021,3,7,July,2021-07
20210705,05/07/2021,2021,3,7,July,2021-07
20210706,06/07/2021,2021,3,7,July,2021-07
20210707,07/07/2021,2021,3,7,July,2021-07
20210708,08/07/2021,2021,3,7,July,2021-07
20210709,09/07/2021,2021,3,7,July,2021-07
20210710,10/07/2021,2021,3,7,July,2021-07
20210711,11/07/2021,2021,3,7,July,2021-07
20210712,12/07/2021,2021,3,7,July,2021-07
20210713,13/07/2021,2021,3,7,July,2021-07
20210714,14/07/2021,2021,3,7,July,2021-07
20210715,15/07/2021,2021,3,7,July,2021-07
20210716,16/07/2021,2021,3,7,July,2021-07
20210717,17/07/2021,2021,3,7,July,2021-07
20210718,18/07/2021,2021,3,7,July,2021-07
20210719,19/07/2021,2021,3,7,July,2021-07
20210720,20/07/2021,2021,3,7,July,2021-07
20210721,21/07/2021,2021,3,7,July,2021-07
20210722,22/07/2021,2021,3,7,July,2021-07
20210723,23/07/2021,2021,3,7,July,2021-07
20210724,24/07/2021,2021,3,7,July,2021-07
20210725,25/07/2021,2021,3,7,July,2021-07
20210726,26/07/2021,2021,3,7,July,2021-07
20210727,27/07/2021,2021,3,7,July,2021-07
20210728,28/07/2021,2021,3,7,July,2021-07
20210729,29/07/2021,2021,3,7,July,2021-07
20210730,30/07/2021,2021,3,7,July,2021-07
20210731,31/07/2021,2021,3,7,July,2021-07
20210801,01/08/2021,2021,3,8,August,2021-08
20210802,02/08/2021,2021,3,8,August,2021-08
20210803,03/08/2021,2021,3,8,August,2021-08
20210804,04/08/2021,2021,3,8,August,2021-08
20210805,05/08/2021,2021,3,8,August,2021-08
20210806,06/08/2021,2021,3,8,August,2021-08
20210807,07/08/2021,2021,3,8,August,2021-08
20210808,08/08/2021,2021,3,8,August,2021-08
20210809,09/08/2021,2021,3,8,August,2021-08
20210810,10/08/2021,2021,3,8,August,2021-08
20210811,11/08/2021,2021,3,8,August,2021-08
20210812,12/08/2021,2021,3,8,August,2021-08
20210813,13/08/2021,2021,3,8,August,2021-08
20210814,14/08/2021,2021,3,8,August,2021-08
20210815,15/08/2021,2021,3,8,August,2021-08
20210816,16/08/2021,2021,3,8,August,2021-08
20210817,17/08/2021,2021,3,8,August,2021-08
20210818,18/08/2021,2021,3,8,August,2021-08
20210819,19/08/2021,2021,3,8,August,2021-08
20210820,20/08/2021,2021,3,8,August,2021-08
20210821,21/08/2021,2021,3,8,August,2021-08
20210822,22/08/2021,2021,3,8,August,2021-08
20210823,23/08/2021,2021,3,8,August,2021-08
20210824,24/08/2021,2021,3,8,August,2021-08
20210825,25/08/2021,2021,3,8,August,2021-08
20210826,26/08/2021,2021,3,8,August,2021-08
20210827,27/08/2021,2021,3,8,August,2021-08
20210828,28/08/2021,2021,3,8,August,2021-08
20210829,29/08/2021,2021,3,8,August,2021-08
20210830,30/08/2021,2021,3,8,August,2021-08
20210831,31/08/2021,2021,3,8,August,2021-08
20210901,01/09/2021,2021,3,9,September,2021-09
20210902,02/09/2021,2021,3,9,September,2021-09
20210903,03/09/2021,2021,3,9,September,2021-09
20210904,04/09/2021,2021,3,9,September,2021-09
20210905,05/09/2021,2021,3,9,September,2021-09
20210906,06/09/2021,2021,3,9,September,2021-09
20210907,07/09/2021,2021,3,9,September,2021-09
20210908,08/09/2021,2021,3,9,September,2021-09
20210909,09/09/2021,2021,3,9,September,2021-09
20210910,10/09/2021,2021,3,9,September,2021-09
20210911,11/09/2021,2021,3,9,September,2021-09
20210912,12/09/2021,2021,3,9,September,2021-09
20210913,13/09/2021,2021,3,9,September,2021-09
20210914,14/09/2021,2021,3,9,September,2021-09
20210915,15/09/2021,2021,3,9,September,2021-09
20210916,16/09/2021,2021,3,9,September,2021-09
20210917,17/09/2021,2021,3,9,September,2021-09
20210918,18/09/2021,2021,3,9,September,2021-09
20210919,19/09/2021,2021,3,9,September,2021-09
20210920,20/09/2021,2021,3,9,September,2021-09
20210921,21/09/2021,2021,3,9,September,2021-09
20210922,22/09/2021,2021,3,9,September,2021-09
20210923,23/09/2021,2021,3,9,September,2021-09
20210924,24/09/2021,2021,3,9,September,2021-09
20210925,25/09/2021,2021,3,9,September,2021-09
20210926,26/09/2021,2021,3,9,September,2021-09
20210927,27/09/2021,2021,3,9,September,2021-09
20210928,28/09/2021,2021,3,9,September,2021-09
20210929,29/09/2021,2021,3,9,September,2021-09
20210930,30/09/2021,2021,3,9,September,2021-09
20211001,01/10/2021,2021,4,10,October,2021-10
20211002,02/10/2021,2021,4,10,October,2021-10
20211003,03/10/2021,2021,4,10,October,2021-10
20211004,04/10/2021,2021,4,10,October,2021-10
20211005,05/10/2021,2021,4,10,October,2021-10
20211006,06/10/2021,2021,4,10,October,2021-10
20211007,07/10/2021,2021,4,10,October,2021-10
20211008,08/10/2021,2021,4,10,October,2021-10
20211009,09/10/2021,2021,4,10,October,2021-10
20211010,10/10/2021,2021,4,10,October,2021-10
20211011,11/10/2021,2021,4,10,October,2021-10
20211012,12/10/2021,2021,4,10,October,2021-10
20211013,13/10/2021,2021,4,10,October,2021-10
20211014,14/10/2021,2021,4,10,October,2021-10
20211015,15/10/2021,2021,4,10,October,2021-10
20211016,16/10/2021,2021,4,10,October,2021-10
20211017,17/10/2021,2021,4,10,October,2021-10
20211018,18/10/2021,2021,4,10,October,2021-10
20211019,19/10/2021,2021,4,10,October,2021-10
20211020,20/10/2021,2021,4,10,October,2021-10
20211021,21/10/2021,2021,4,10,October,2021-10
20211022,22/10/2021,2021,4,10,October,2021-10
20211023,23/10/2021,2021,4,10,October,2021-10
20211024,24/10/2021,2021,4,10,October,2021-10
20211025,25/10/2021,2021,4,10,October,2021-10
20211026,26/10/2021,2021,4,10,October,2021-10
20211027,27/10/2021,2021,4,10,October,2021-10
20211028,28/10/2021,2021,4,10,October,2021-10
20211029,29/10/2021,2021,4,10,October,2021-10
20211030,30/10/2021,2021,4,10,October,2021-10
20211031,31/10/2021,2021,4,10,October,2021-10
20211101,01/11/2021,2021,4,11,November,2021-11
20211102,02/11/2021,2021,4,11,November,2021-11
20211103,03/11/2021,2021,4,11,November,2021-11
20211104,04/11/2021,2021,4,11,November,2021-11
20211105,05/11/2021,2021,4,11,November,2021-11
20211106,06/11/2021,2021,4,11,November,2021-11
20211107,07/11/2021,2021,4,11,November,2021-11
20211108,08/11/2021,2021,4,11,November,2021-11
20211109,09/11/2021,2021,4,11,November,2021-11
20211110,10/11/2021,2021,4,11,November,2021-11
20211111,11/11/2021,2021,4,11,November,2021-11
20211112,12/11/2021,2021,4,11,November,2021-11
20211113,13/11/2021,2021,4,11,November,2021-11
20211114,14/11/2021,2021,4,11,November,2021-11
20211115,15/11/2021,2021,4,11,November,2021-11
20211116,16/11/2021,2021,4,11,November,2021-11
20211117,17/11/2021,2021,4,11,November,2021-11
20211118,18/11/2021,2021,4,11,November,2021-11
20211119,19/11/2021,2021,4,11,November,2021-11
20211120,20/11/2021,2021,4,11,November,2021-11
20211121,21/11/2021,2021,4,11,November,2021-11
20211122,22/11/2021,2021,4,11,November,2021-11
20211123,23/11/2021,2021,4,11,November,2021-11
20211124,24/11/2021,2021,4,11,November,2021-11
20211125,25/11/2021,2021,4,11,November,2021-11
20211126,26/11/2021,2021,4,11,November,2021-11
20211127,27/11/2021,2021,4,11,November,2021-11
20211128,28/11/2021,2021,4,11,November,2021-11
20211129,29/11/2021,2021,4,11,November,2021-11
20211130,30/11/2021,2021,4,11,November,2021-11
20211201,01/12/2021,2021,4,12,December,2021-12
20211202,02/12/2021,2021,4,12,December,2021-12
20211203,03/12/2021,2021,4,12,December,2021-12
20211204,04/12/2021,2021,4,12,December,2021-12
20211205,05/12/2021,2021,4,12,December,2021-12
20211206,06/12/2021,2021,4,12,December,2021-12
20211207,07/12/2021,2021,4,12,December,2021-12
20211208,08/12/2021,2021,4,12,December,2021-12
20211209,09/12/2021,2021,4,12,December,2021-12
20211210,10/12/2021,2021,4,12,December,2021-12
20211211,11/12/2021,2021,4,12,December,2021-12
20211212,12/12/2021,2021,4,12,December,2021-12
20211213,13/12/2021,2021,4,12,December,2021-12
20211214,14/12/2021,2021,4,12,December,2021-12
20211215,15/12/2021,2021,4,12,December,2021-12
20211216,16/12/2021,2021,4,12,December,2021-12
20211217,17/12/2021,2021,4,12,December,2021-12
20211218,18/12/2021,2021,4,12,December,2021-12
20211219,19/12/2021,2021,4,12,December,2021-12
20211220,20/12/2021,2021,4,12,December,2021-12
20211221,21/12/2021,2021,4,12,December,2021-12
20211222,22/12/2021,2021,4,12,December,2021-12
20211223,23/12/2021,2021,4,12,December,2021-12
20211224,24/12/2021,2021,4,12,December,2021-12
20211225,25/12/2021,2021,4,12,December,2021-12
20211226,26/12/2021,2021,4,12,December,2021-12
20211227,27/12/2021,2021,4,12,December,2021-12
20211228,28/12/2021,2021,4,12,December,2021-12
20211229,29/12/2021,2021,4,12,December,2021-12
20211230,30/12/2021,2021,4,12,December,2021-12
20211231,31/12/2021,2021,4,12,December,2021-12
20220101,01/01/2022,2022,1,1,January,2022-01
20220102,02/01/2022,2022,1,1,January,2022-01
20220103,03/01/2022,2022,1,1,January,2022-01
20220104,04/01/2022,2022,1,1,January,2022-01
20220105,05/01/2022,2022,1,1,January,2022-01
20220106,06/01/2022,2022,1,1,January,2022-01
20220107,07/01/2022,2022,1,1,January,2022-01
20220108,08/01/2022,2022,1,1,January,2022-01
20220109,09/01/2022,2022,1,1,January,2022-01
20220110,10/01/2022,2022,1,1,January,2022-01
20220111,11/01/2022,2022,1,1,January,2022-01
20220112,12/01/2022,2022,1,1,January,2022-01
20220113,13/01/2022,2022,1,1,January,2022-01
20220114,14/01/2022,2022,1,1,January,2022-01
20220115,15/01/2022,2022,1,1,January,2022-01
20220116,16/01/2022,2022,1,1,January,2022-01
20220117,17/01/2022,2022,1,1,January,2022-01
20220118,18/01/2022,2022,1,1,January,2022-01
20220119,19/01/2022,2022,1,1,January,2022-01
20220120,20/01/2022,2022,1,1,January,2022-01
20220121,21/01/2022,2022,1,1,January,2022-01
20220122,22/01/2022,2022,1,1,January,2022-01
20220123,23/01/2022,2022,1,1,January,2022-01
20220124,24/01/2022,2022,1,1,January,2022-01
20220125,25/01/2022,2022,1,1,January,2022-01
20220126,26/01/2022,2022,1,1,January,2022-01
20220127,27/01/2022,2022,1,1,January,2022-01
20220128,28/01/2022,2022,1,1,January,2022-01
20220129,29/01/2022,2022,1,1,January,2022-01
20220130,30/01/2022,2022,1,1,January,2022-01
20220131,31/01/2022,2022,1,1,January,2022-01
20220201,01/02/2022,2022,1,2,February,2022-02
20220202,02/02/2022,2022,1,2,February,2022-02
20220203,03/02/2022,2022,1,2,February,2022-02
20220204,04/02/2022,2022,1,2,February,2022-02
20220205,05/02/2022,2022,1,2,February,2022-02
20220206,06/02/2022,2022,1,2,February,2022-02
20220207,07/02/2022,2022,1,2,February,2022-02
20220208,08/02/2022,2022,1,2,February,2022-02
20220209,09/02/2022,2022,1,2,February,2022-02
20220210,10/02/2022,2022,1,2,February,2022-02
20220211,11/02/2022,2022,1,2,February,2022-02
20220212,12/02/2022,2022,1,2,February,2022-02
20220213,13/02/2022,2022,1,2,February,2022-02
20220214,14/02/2022,2022,1,2,February,2022-02
20220215,15/02/2022,2022,1,2,February,2022-02
20220216,16/02/2022,2022,1,2,February,2022-02
20220217,17/02/2022,2022,1,2,February,2022-02
20220218,18/02/2022,2022,1,2,February,2022-02
20220219,19/02/2022,2022,1,2,February,2022-02
20220220,20/02/2022,2022,1,2,February,2022-02
20220221,21/02/2022,2022,1,2,February,2022-02
20220222,22/02/2022,2022,1,2,February,2022-02
20220223,23/02/2022,2022,1,2,February,2022-02
20220224,24/02/2022,2022,1,2,February,2022-02
20220225,25/02/2022,2022,1,2,February,2022-02
20220226,26/02/2022,2022,1,2,February,2022-02
20220227,27/02/2022,2022,1,2,February,2022-02
20220228,28/02/2022,2022,1,2,February,2022-02
20220301,01/03/2022,2022,1,3,March,2022-03
20220302,02/03/2022,2022,1,3,March,2022-03
20220303,03/03/2022,2022,1,3,March,2022-03
20220304,04/03/2022,2022,1,3,March,2022-03
20220305,05/03/2022,2022,1,3,March,2022-03
20220306,06/03/2022,2022,1,3,March,2022-03
20220307,07/03/2022,2022,1,3,March,2022-03
20220308,08/03/2022,2022,1,3,March,2022-03
20220309,09/03/2022,2022,1,3,March,2022-03
20220310,10/03/2022,2022,1,3,March,2022-03
20220311,11/03/2022,2022,1,3,March,2022-03
20220312,12/03/2022,2022,1,3,March,2022-03
20220313,13/03/2022,2022,1,3,March,2022-03
20220314,14/03/2022,2022,1,3,March,2022-03
20220315,15/03/2022,2022,1,3,March,2022-03
20220316,16/03/2022,2022,1,3,March,2022-03
20220317,17/03/2022,2022,1,3,March,2022-03
20220318,18/03/2022,2022,1,3,March,2022-03
20220319,19/03/2022,2022,1,3,March,2022-03
20220320,20/03/2022,2022,1,3,March,2022-03
20220321,21/03/2022,2022,1,3,March,2022-03
20220322,22/03/2022,2022,1,3,March,2022-03
20220323,23/03/2022,2022,1,3,March,2022-03
20220324,24/03/2022,2022,1,3,March,2022-03
20220325,25/03/2022,2022,1,3,March,2022-03
20220326,26/03/2022,2022,1,3,March,2022-03
20220327,27/03/2022,2022,1,3,March,2022-03
20220328,28/03/2022,2022,1,3,March,2022-03
20220329,29/03/2022,2022,1,3,March,2022-03
20220330,30/03/2022,2022,1,3,March,2022-03
20220331,31/03/2022,2022,1,3,March,2022-03
20220401,01/04/2022,2022,2,4,April,2022-04
20220402,02/04/2022,2022,2,4,April,2022-04
20220403,03/04/2022,2022,2,4,April,2022-04
20220404,04/04/2022,2022,2,4,April,2022-04
20220405,05/04/2022,2022,2,4,April,2022-04
20220406,06/04/2022,2022,2,4,April,2022-04
20220407,07/04/2022,2022,2,4,April,2022-04
20220408,08/04/2022,2022,2,4,April,2022-04
20220409,09/04/2022,2022,2,4,April,2022-04
20220410,10/04/2022,2022,2,4,April,2022-04
20220411,11/04/2022,2022,2,4,April,2022-04
20220412,12/04/2022,2022,2,4,April,2022-04
20220413,13/04/2022,2022,2,4,April,2022-04
20220414,14/04/2022,2022,2,4,April,2022-04
20220415,15/04/2022,2022,2,4,April,2022-04
20220416,16/04/2022,2022,2,4,April,2022-04
20220417,17/04/2022,2022,2,4,April,2022-04
20220418,18/04/2022,2022,2,4,April,2022-04
20220419,19/04/2022,2022,2,4,April,2022-04
20220420,20/04/2022,2022,2,4,April,2022-04
20220421,21/04/2022,2022,2,4,April,2022-04
20220422,22/04/2022,2022,2,4,April,2022-04
20220423,23/04/2022,2022,2,4,April,2022-04
20220424,24/04/2022,2022,2,4,April,2022-04
20220425,25/04/2022,2022,2,4,April,2022-04
20220426,26/04/2022,2022,2,4,April,2022-04
20220427,27/04/2022,2022,2,4,April,2022-04
20220428,28/04/2022,2022,2,4,April,2022-04
20220429,29/04/2022,2022,2,4,April,2022-04
20220430,30/04/2022,2022,2,4,April,2022-04
20220501,01/05/2022,2022,2,5,May,2022-05
20220502,02/05/2022,2022,2,5,May,2022-05
20220503,03/05/2022,2022,2,5,May,2022-05
20220504,04/05/2022,2022,2,5,May,2022-05
20220505,05/05/2022,2022,2,5,May,2022-05
20220506,06/05/2022,2022,2,5,May,2022-05
20220507,07/05/2022,2022,2,5,May,2022-05
20220508,08/05/2022,2022,2,5,May,2022-05
20220509,09/05/2022,2022,2,5,May,2022-05
20220510,10/05/2022,2022,2,5,May,2022-05
20220511,11/05/2022,2022,2,5,May,2022-05
20220512,12/05/2022,2022,2,5,May,2022-05
20220513,13/05/2022,2022,2,5,May,2022-05
20220514,14/05/2022,2022,2,5,May,2022-05
20220515,15/05/2022,2022,2,5,May,2022-05
20220516,16/05/2022,2022,2,5,May,2022-05
20220517,17/05/2022,2022,2,5,May,2022-05
20220518,18/05/2022,2022,2,5,May,2022-05
20220519,19/05/2022,2022,2,5,May,2022-05
20220520,20/05/2022,2022,2,5,May,2022-05
20220521,21/05/2022,2022,2,5,May,2022-05
20220522,22/05/2022,2022,2,5,May,2022-05
20220523,23/05/2022,2022,2,5,May,2022-05
20220524,24/05/2022,2022,2,5,May,2022-05
20220525,25/05/2022,2022,2,5,May,2022-05
20220526,26/05/2022,2022,2,5,May,2022-05
20220527,27/05/2022,2022,2,5,May,2022-05
20220528,28/05/2022,2022,2,5,May,2022-05
20220529,29/05/2022,2022,2,5,May,2022-05
20220530,30/05/2022,2022,2,5,May,2022-05
20220531,31/05/2022,2022,2,5,May,2022-05
20220601,01/06/2022,2022,2,6,June,2022-06
20220602,02/06/2022,2022,2,6,June,2022-06
20220603,03/06/2022,2022,2,6,June,2022-06
20220604,04/06/2022,2022,2,6,June,2022-06
20220605,05/06/2022,2022,2,6,June,2022-06
20220606,06/06/2022,2022,2,6,June,2022-06
20220607,07/06/2022,2022,2,6,June,2022-06
20220608,08/06/2022,2022,2,6,June,2022-06
20220609,09/06/2022,2022,2,6,June,2022-06
20220610,10/06/2022,2022,2,6,June,2022-06
20220611,11/06/2022,2022,2,6,June,2022-06
20220612,12/06/2022,2022,2,6,June,2022-06
20220613,13/06/2022,2022,2,6,June,2022-06
20220614,14/06/2022,2022,2,6,June,2022-06
20220615,15/06/2022,2022,2,6,June,2022-06
20220616,16/06/2022,2022,2,6,June,2022-06
20220617,17/06/2022,2022,2,6,June,2022-06
20220618,18/06/2022,2022,2,6,June,2022-06
20220619,19/06/2022,2022,2,6,June,2022-06
20220620,20/06/2022,2022,2,6,June,2022-06
20220621,21/06/2022,2022,2,6,June,2022-06
20220622,22/06/2022,2022,2,6,June,2022-06
20220623,23/06/2022,2022,2,6,June,2022-06
20220624,24/06/2022,2022,2,6,June,2022-06
20220625,25/06/2022,2022,2,6,June,2022-06
20220626,26/06/2022,2022,2,6,June,2022-06
20220627,27/06/2022,2022,2,6,June,2022-06
20220628,28/06/2022,2022,2,6,June,2022-06
20220629,29/06/2022,2022,2,6,June,2022-06
20220630,30/06/2022,2022,2,6,June,2022-06
20220701,01/07/2022,2022,3,7,July,2022-07
20220702,02/07/2022,2022,3,7,July,2022-07
20220703,03/07/2022,2022,3,7,July,2022-07
20220704,04/07/2022,2022,3,7,July,2022-07
20220705,05/07/2022,2022,3,7,July,2022-07
20220706,06/07/2022,2022,3,7,July,2022-07
20220707,07/07/2022,2022,3,7,July,2022-07
20220708,08/07/2022,2022,3,7,July,2022-07
20220709,09/07/2022,2022,3,7,July,2022-07
20220710,10/07/2022,2022,3,7,July,2022-07
20220711,11/07/2022,2022,3,7,July,2022-07
20220712,12/07/2022,2022,3,7,July,2022-07
20220713,13/07/2022,2022,3,7,July,2022-07
20220714,14/07/2022,2022,3,7,July,2022-07
20220715,15/07/2022,2022,3,7,July,2022-07
20220716,16/07/2022,2022,3,7,July,2022-07
20220717,17/07/2022,2022,3,7,July,2022-07
20220718,18/07/2022,2022,3,7,July,2022-07
20220719,19/07/2022,2022,3,7,July,2022-07
20220720,20/07/2022,2022,3,7,July,2022-07
20220721,21/07/2022,2022,3,7,July,2022-07
20220722,22/07/2022,2022,3,7,July,2022-07
20220723,23/07/2022,2022,3,7,July,2022-07
20220724,24/07/2022,2022,3,7,July,2022-07
20220725,25/07/2022,2022,3,7,July,2022-07
20220726,26/07/2022,2022,3,7,July,2022-07
20220727,27/07/2022,2022,3,7,July,2022-07
20220728,28/07/2022,2022,3,7,July,2022-07
20220729,29/07/2022,2022,3,7,July,2022-07
20220730,30/07/2022,2022,3,7,July,2022-07
20220731,31/07/2022,2022,3,7,July,2022-07
20220801,01/08/2022,2022,3,8,August,2022-08
20220802,02/08/2022,2022,3,8,August,2022-08
20220803,03/08/2022,2022,3,8,August,2022-08
20220804,04/08/2022,2022,3,8,August,2022-08
20220805,05/08/2022,2022,3,8,August,2022-08
20220806,06/08/2022,2022,3,8,August,2022-08
20220807,07/08/2022,2022,3,8,August,2022-08
20220808,08/08/2022,2022,3,8,August,2022-08
20220809,09/08/2022,2022,3,8,August,2022-08
20220810,10/08/2022,2022,3,8,August,2022-08
20220811,11/08/2022,2022,3,8,August,2022-08
20220812,12/08/2022,2022,3,8,August,2022-08
20220813,13/08/2022,2022,3,8,August,2022-08
20220814,14/08/2022,2022,3,8,August,2022-08
20220815,15/08/2022,2022,3,8,August,2022-08
20220816,16/08/2022,2022,3,8,August,2022-08
20220817,17/08/2022,2022,3,8,August,2022-08
20220818,18/08/2022,2022,3,8,August,2022-08
20220819,19/08/2022,2022,3,8,August,2022-08
20220820,20/08/2022,2022,3,8,August,2022-08
20220821,21/08/2022,2022,3,8,August,2022-08
20220822,22/08/2022,2022,3,8,August,2022-08
20220823,23/08/2022,2022,3,8,August,2022-08
20220824,24/08/2022,2022,3,8,August,2022-08
20220825,25/08/2022,2022,3,8,August,2022-08
20220826,26/08/2022,2022,3,8,August,2022-08
20220827,27/08/2022,2022,3,8,August,2022-08
20220828,28/08/2022,2022,3,8,August,2022-08
20220829,29/08/2022,2022,3,8,August,2022-08
20220830,30/08/2022,2022,3,8,August,2022-08
20220831,31/08/2022,2022,3,8,August,2022-08
20220901,01/09/2022,2022,3,9,September,2022-09
20220902,02/09/2022,2022,3,9,September,2022-09
20220903,03/09/2022,2022,3,9,September,2022-09
20220904,04/09/2022,2022,3,9,September,2022-09
20220905,05/09/2022,2022,3,9,September,2022-09
20220906,06/09/2022,2022,3,9,September,2022-09
20220907,07/09/2022,2022,3,9,September,2022-09
20220908,08/09/2022,2022,3,9,September,2022-09
20220909,09/09/2022,2022,3,9,September,2022-09
20220910,10/09/2022,2022,3,9,September,2022-09
20220911,11/09/2022,2022,3,9,September,2022-09
20220912,12/09/2022,2022,3,9,September,2022-09
20220913,13/09/2022,2022,3,9,September,2022-09
20220914,14/09/2022,2022,3,9,September,2022-09
20220915,15/09/2022,2022,3,9,September,2022-09
20220916,16/09/2022,2022,3,9,September,2022-09
20220917,17/09/2022,2022,3,9,September,2022-09
20220918,18/09/2022,2022,3,9,September,2022-09
20220919,19/09/2022,2022,3,9,September,2022-09
20220920,20/09/2022,2022,3,9,September,2022-09
20220921,21/09/2022,2022,3,9,September,2022-09
20220922,22/09/2022,2022,3,9,September,2022-09
20220923,23/09/2022,2022,3,9,September,2022-09
20220924,24/09/2022,2022,3,9,September,2022-09
20220925,25/09/2022,2022,3,9,September,2022-09
20220926,26/09/2022,2022,3,9,September,2022-09
20220927,27/09/2022,2022,3,9,September,2022-09
20220928,28/09/2022,2022,3,9,September,2022-09
20220929,29/09/2022,2022,3,9,September,2022-09
20220930,30/09/2022,2022,3,9,September,2022-09
20221001,01/10/2022,2022,4,10,October,2022-10
20221002,02/10/2022,2022,4,10,October,2022-10
20221003,03/10/2022,2022,4,10,October,2022-10
20221004,04/10/2022,2022,4,10,October,2022-10
20221005,05/10/2022,2022,4,10,October,2022-10
20221006,06/10/2022,2022,4,10,October,2022-10
20221007,07/10/2022,2022,4,10,October,2022-10
20221008,08/10/2022,2022,4,10,October,2022-10
20221009,09/10/2022,2022,4,10,October,2022-10
20221010,10/10/2022,2022,4,10,October,2022-10
20221011,11/10/2022,2022,4,10,October,2022-10
20221012,12/10/2022,2022,4,10,October,2022-10
20221013,13/10/2022,2022,4,10,October,2022-10
20221014,14/10/2022,2022,4,10,October,2022-10
20221015,15/10/2022,2022,4,10,October,2022-10
20221016,16/10/2022,2022,4,10,October,2022-10
20221017,17/10/2022,2022,4,10,October,2022-10
20221018,18/10/2022,2022,4,10,October,2022-10
20221019,19/10/2022,2022,4,10,October,2022-10
20221020,20/10/2022,2022,4,10,October,2022-10
20221021,21/10/2022,2022,4,10,October,2022-10
20221022,22/10/2022,2022,4,10,October,2022-10
20221023,23/10/2022,2022,4,10,October,2022-10
20221024,24/10/2022,2022,4,10,October,2022-10
20221025,25/10/2022,2022,4,10,October,2022-10
20221026,26/10/2022,2022,4,10,October,2022-10
20221027,27/10/2022,2022,4,10,October,2022-10
20221028,28/10/2022,2022,4,10,October,2022-10
20221029,29/10/2022,2022,4,10,October,2022-10
20221030,30/10/2022,2022,4,10,October,2022-10
20221031,31/10/2022,2022,4,10,October,2022-10
20221101,01/11/2022,2022,4,11,November,2022-11
20221102,02/11/2022,2022,4,11,November,2022-11
20221103,03/11/2022,2022,4,11,November,2022-11
20221104,04/11/2022,2022,4,11,November,2022-11
20221105,05/11/2022,2022,4,11,November,2022-11
20221106,06/11/2022,2022,4,11,November,2022-11
20221107,07/11/2022,2022,4,11,November,2022-11
20221108,08/11/2022,2022,4,11,November,2022-11
20221109,09/11/2022,2022,4,11,November,2022-11
20221110,10/11/2022,2022,4,11,November,2022-11
20221111,11/11/2022,2022,4,11,November,2022-11
20221112,12/11/2022,2022,4,11,November,2022-11
20221113,13/11/2022,2022,4,11,November,2022-11
20221114,14/11/2022,2022,4,11,November,2022-11
20221115,15/11/2022,2022,4,11,November,2022-11
20221116,16/11/2022,2022,4,11,November,2022-11
20221117,17/11/2022,2022,4,11,November,2022-11
20221118,18/11/2022,2022,4,11,November,2022-11
20221119,19/11/2022,2022,4,11,November,2022-11
20221120,20/11/2022,2022,4,11,November,2022-11
20221121,21/11/2022,2022,4,11,November,2022-11
20221122,22/11/2022,2022,4,11,November,2022-11
20221123,23/11/2022,2022,4,11,November,2022-11
20221124,24/11/2022,2022,4,11,November,2022-11
20221125,25/11/2022,2022,4,11,November,2022-11
20221126,26/11/2022,2022,4,11,November,2022-11
20221127,27/11/2022,2022,4,11,November,2022-11
20221128,28/11/2022,2022,4,11,November,2022-11
20221129,29/11/2022,2022,4,11,November,2022-11
20221130,30/11/2022,2022,4,11,November,2022-11
20221201,01/12/2022,2022,4,12,December,2022-12
20221202,02/12/2022,2022,4,12,December,2022-12
20221203,03/12/2022,2022,4,12,December,2022-12
20221204,04/12/2022,2022,4,12,December,2022-12
20221205,05/12/2022,2022,4,12,December,2022-12
20221206,06/12/2022,2022,4,12,December,2022-12
20221207,07/12/2022,2022,4,12,December,2022-12
20221208,08/12/2022,2022,4,12,December,2022-12
20221209,09/12/2022,2022,4,12,December,2022-12
20221210,10/12/2022,2022,4,12,December,2022-12
20221211,11/12/2022,2022,4,12,December,2022-12
20221212,12/12/2022,2022,4,12,December,2022-12
20221213,13/12/2022,2022,4,12,December,2022-12
20221214,14/12/2022,2022,4,12,December,2022-12
20221215,15/12/2022,2022,4,12,December,2022-12
20221216,16/12/2022,2022,4,12,December,2022-12
20221217,17/12/2022,2022,4,12,December,2022-12
20221218,18/12/2022,2022,4,12,December,2022-12
20221219,19/12/2022,2022,4,12,December,2022-12
20221220,20/12/2022,2022,4,12,December,2022-12
20221221,21/12/2022,2022,4,12,December,2022-12
20221222,22/12/2022,2022,4,12,December,2022-12
20221223,23/12/2022,2022,4,12,December,2022-12
20221224,24/12/2022,2022,4,12,December,2022-12
20221225,25/12/2022,2022,4,12,December,2022-12
20221226,26/12/2022,2022,4,12,December,2022-12
20221227,27/12/2022,2022,4,12,December,2022-12
20221228,28/12/2022,2022,4,12,December,2022-12
20221229,29/12/2022,2022,4,12,December,2022-12
20221230,30/12/2022,2022,4,12,December,2022-12
20221231,31/12/2022,2022,4,12,December,2022-12
20230101,01/01/2023,2023,1,1,January,2023-01
20230102,02/01/2023,2023,1,1,January,2023-01
20230103,03/01/2023,2023,1,1,January,2023-01
20230104,04/01/2023,2023,1,1,January,2023-01
20230105,05/01/2023,2023,1,1,January,2023-01
20230106,06/01/2023,2023,1,1,January,2023-01
20230107,07/01/2023,2023,1,1,January,2023-01
20230108,08/01/2023,2023,1,1,January,2023-01
20230109,09/01/2023,2023,1,1,January,2023-01
20230110,10/01/2023,2023,1,1,January,2023-01
20230111,11/01/2023,2023,1,1,January,2023-01
20230112,12/01/2023,2023,1,1,January,2023-01
20230113,13/01/2023,2023,1,1,January,2023-01
20230114,14/01/2023,2023,1,1,January,2023-01
20230115,15/01/2023,2023,1,1,January,2023-01
20230116,16/01/2023,2023,1,1,January,2023-01
20230117,17/01/2023,2023,1,1,January,2023-01
20230118,18/01/2023,2023,1,1,January,2023-01
20230119,19/01/2023,2023,1,1,January,2023-01
20230120,20/01/2023,2023,1,1,January,2023-01
20230121,21/01/2023,2023,1,1,January,2023-01
20230122,22/01/2023,2023,1,1,January,2023-01
20230123,23/01/2023,2023,1,1,January,2023-01
20230124,24/01/2023,2023,1,1,January,2023-01
20230125,25/01/2023,2023,1,1,January,2023-01
20230126,26/01/2023,2023,1,1,January,2023-01
20230127,27/01/2023,2023,1,1,January,2023-01
20230128,28/01/2023,2023,1,1,January,2023-01
20230129,29/01/2023,2023,1,1,January,2023-01
20230130,30/01/2023,2023,1,1,January,2023-01
20230131,31/01/2023,2023,1,1,January,2023-01
20230201,01/02/2023,2023,1,2,February,2023-02
20230202,02/02/2023,2023,1,2,February,2023-02
20230203,03/02/2023,2023,1,2,February,2023-02
20230204,04/02/2023,2023,1,2,February,2023-02
20230205,05/02/2023,2023,1,2,February,2023-02
20230206,06/02/2023,2023,1,2,February,2023-02
20230207,07/02/2023,2023,1,2,February,2023-02
20230208,08/02/2023,2023,1,2,February,2023-02
20230209,09/02/2023,2023,1,2,February,2023-02
20230210,10/02/2023,2023,1,2,February,2023-02
20230211,11/02/2023,2023,1,2,February,2023-02
20230212,12/02/2023,2023,1,2,February,2023-02
20230213,13/02/2023,2023,1,2,February,2023-02
20230214,14/02/2023,2023,1,2,February,2023-02
20230215,15/02/2023,2023,1,2,February,2023-02
20230216,16/02/2023,2023,1,2,February,2023-02
20230217,17/02/2023,2023,1,2,February,2023-02
20230218,18/02/2023,2023,1,2,February,2023-02
20230219,19/02/2023,2023,1,2,February,2023-02
20230220,20/02/2023,2023,1,2,February,2023-02
20230221,21/02/2023,2023,1,2,February,2023-02
20230222,22/02/2023,2023,1,2,February,2023-02
20230223,23/02/2023,2023,1,2,February,2023-02
20230224,24/02/2023,2023,1,2,February,2023-02
20230225,25/02/2023,2023,1,2,February,2023-02
20230226,26/02/2023,2023,1,2,February,2023-02
20230227,27/02/2023,2023,1,2,February,2023-02
20230228,28/02/2023,2023,1,2,February,2023-02
20230301,01/03/2023,2023,1,3,March,2023-03
20230302,02/03/2023,2023,1,3,March,2023-03
20230303,03/03/2023,2023,1,3,March,2023-03
20230304,04/03/2023,2023,1,3,March,2023-03
20230305,05/03/2023,2023,1,3,March,2023-03
20230306,06/03/2023,2023,1,3,March,2023-03
20230307,07/03/2023,2023,1,3,March,2023-03
20230308,08/03/2023,2023,1,3,March,2023-03
20230309,09/03/2023,2023,1,3,March,2023-03
20230310,10/03/2023,2023,1,3,March,2023-03
20230311,11/03/2023,2023,1,3,March,2023-03
20230312,12/03/2023,2023,1,3,March,2023-03
20230313,13/03/2023,2023,1,3,March,2023-03
20230314,14/03/2023,2023,1,3,March,2023-03
20230315,15/03/2023,2023,1,3,March,2023-03
20230316,16/03/2023,2023,1,3,March,2023-03
20230317,17/03/2023,2023,1,3,March,2023-03
20230318,18/03/2023,2023,1,3,March,2023-03
20230319,19/03/2023,2023,1,3,March,2023-03
20230320,20/03/2023,2023,1,3,March,2023-03
20230321,21/03/2023,2023,1,3,March,2023-03
20230322,22/03/2023,2023,1,3,March,2023-03
20230323,23/03/2023,2023,1,3,March,2023-03
20230324,24/03/2023,2023,1,3,March,2023-03
20230325,25/03/2023,2023,1,3,March,2023-03
20230326,26/03/2023,2023,1,3,March,2023-03
20230327,27/03/2023,2023,1,3,March,2023-03
20230328,28/03/2023,2023,1,3,March,2023-03
20230329,29/03/2023,2023,1,3,March,2023-03
20230330,30/03/2023,2023,1,3,March,2023-03
20230331,31/03/2023,2023,1,3,March,2023-03
20230401,01/04/2023,2023,2,4,April,2023-04
20230402,02/04/2023,2023,2,4,April,2023-04
20230403,03/04/2023,2023,2,4,April,2023-04
20230404,04/04/2023,2023,2,4,April,2023-04
20230405,05/04/2023,2023,2,4,April,2023-04
20230406,06/04/2023,2023,2,4,April,2023-04
20230407,07/04/2023,2023,2,4,April,2023-04
20230408,08/04/2023,2023,2,4,April,2023-04
20230409,09/04/2023,2023,2,4,April,2023-04
20230410,10/04/2023,2023,2,4,April,2023-04
20230411,11/04/2023,2023,2,4,April,2023-04
20230412,12/04/2023,2023,2,4,April,2023-04
20230413,13/04/2023,2023,2,4,April,2023-04
20230414,14/04/2023,2023,2,4,April,2023-04
20230415,15/04/2023,2023,2,4,April,2023-04
20230416,16/04/2023,2023,2,4,April,2023-04
20230417,17/04/2023,2023,2,4,April,2023-04
20230418,18/04/2023,2023,2,4,April,2023-04
20230419,19/04/2023,2023,2,4,April,2023-04
20230420,20/04/2023,2023,2,4,April,2023-04
20230421,21/04/2023,2023,2,4,April,2023-04
20230422,22/04/2023,2023,2,4,April,2023-04
20230423,23/04/2023,2023,2,4,April,2023-04
20230424,24/04/2023,2023,2,4,April,2023-04
20230425,25/04/2023,2023,2,4,April,2023-04
20230426,26/04/2023,2023,2,4,April,2023-04
20230427,27/04/2023,2023,2,4,April,2023-04
20230428,28/04/2023,2023,2,4,April,2023-04
20230429,29/04/2023,2023,2,4,April,2023-04
20230430,30/04/2023,2023,2,4,April,2023-04
20230501,01/05/2023,2023,2,5,May,2023-05
20230502,02/05/2023,2023,2,5,May,2023-05
20230503,03/05/2023,2023,2,5,May,2023-05
20230504,04/05/2023,2023,2,5,May,2023-05
20230505,05/05/2023,2023,2,5,May,2023-05
20230506,06/05/2023,2023,2,5,May,2023-05
20230507,07/05/2023,2023,2,5,May,2023-05
20230508,08/05/2023,2023,2,5,May,2023-05
20230509,09/05/2023,2023,2,5,May,2023-05
20230510,10/05/2023,2023,2,5,May,2023-05
20230511,11/05/2023,2023,2,5,May,2023-05
20230512,12/05/2023,2023,2,5,May,2023-05
20230513,13/05/2023,2023,2,5,May,2023-05
20230514,14/05/2023,2023,2,5,May,2023-05
20230515,15/05/2023,2023,2,5,May,2023-05
20230516,16/05/2023,2023,2,5,May,2023-05
20230517,17/05/2023,2023,2,5,May,2023-05
20230518,18/05/2023,2023,2,5,May,2023-05
20230519,19/05/2023,2023,2,5,May,2023-05
20230520,20/05/2023,2023,2,5,May,2023-05
20230521,21/05/2023,2023,2,5,May,2023-05
20230522,22/05/2023,2023,2,5,May,2023-05
20230523,23/05/2023,2023,2,5,May,2023-05
20230524,24/05/2023,2023,2,5,May,2023-05
20230525,25/05/2023,2023,2,5,May,2023-05
20230526,26/05/2023,2023,2,5,May,2023-05
20230527,27/05/2023,2023,2,5,May,2023-05
20230528,28/05/2023,2023,2,5,May,2023-05
20230529,29/05/2023,2023,2,5,May,2023-05
20230530,30/05/2023,2023,2,5,May,2023-05
20230531,31/05/2023,2023,2,5,May,2023-05
20230601,01/06/2023,2023,2,6,June,2023-06
20230602,02/06/2023,2023,2,6,June,2023-06
20230603,03/06/2023,2023,2,6,June,2023-06
20230604,04/06/2023,2023,2,6,June,2023-06
20230605,05/06/2023,2023,2,6,June,2023-06
20230606,06/06/2023,2023,2,6,June,2023-06
20230607,07/06/2023,2023,2,6,June,2023-06
20230608,08/06/2023,2023,2,6,June,2023-06
20230609,09/06/2023,2023,2,6,June,2023-06
20230610,10/06/2023,2023,2,6,June,2023-06
20230611,11/06/2023,2023,2,6,June,2023-06
20230612,12/06/2023,2023,2,6,June,2023-06
20230613,13/06/2023,2023,2,6,June,2023-06
20230614,14/06/2023,2023,2,6,June,2023-06
20230615,15/06/2023,2023,2,6,June,2023-06
20230616,16/06/2023,2023,2,6,June,2023-06
20230617,17/06/2023,2023,2,6,June,2023-06
20230618,18/06/2023,2023,2,6,June,2023-06
20230619,19/06/2023,2023,2,6,June,2023-06
20230620,20/06/2023,2023,2,6,June,2023-06
20230621,21/06/2023,2023,2,6,June,2023-06
20230622,22/06/2023,2023,2,6,June,2023-06
20230623,23/06/2023,2023,2,6,June,2023-06
20230624,24/06/2023,2023,2,6,June,2023-06
20230625,25/06/2023,2023,2,6,June,2023-06
20230626,26/06/2023,2023,2,6,June,2023-06
20230627,27/06/2023,2023,2,6,June,2023-06
20230628,28/06/2023,2023,2,6,June,2023-06
20230629,29/06/2023,2023,2,6,June,2023-06
20230630,30/06/2023,2023,2,6,June,2023-06
20230701,01/07/2023,2023,3,7,July,2023-07
20230702,02/07/2023,2023,3,7,July,2023-07
20230703,03/07/2023,2023,3,7,July,2023-07
20230704,04/07/2023,2023,3,7,July,2023-07
20230705,05/07/2023,2023,3,7,July,2023-07
20230706,06/07/2023,2023,3,7,July,2023-07
20230707,07/07/2023,2023,3,7,July,2023-07
20230708,08/07/2023,2023,3,7,July,2023-07
20230709,09/07/2023,2023,3,7,July,2023-07
20230710,10/07/2023,2023,3,7,July,2023-07
20230711,11/07/2023,2023,3,7,July,2023-07
20230712,12/07/2023,2023,3,7,July,2023-07
20230713,13/07/2023,2023,3,7,July,2023-07
20230714,14/07/2023,2023,3,7,July,2023-07
20230715,15/07/2023,2023,3,7,July,2023-07
20230716,16/07/2023,2023,3,7,July,2023-07
20230717,17/07/2023,2023,3,7,July,2023-07
20230718,18/07/2023,2023,3,7,July,2023-07
20230719,19/07/2023,2023,3,7,July,2023-07
20230720,20/07/2023,2023,3,7,July,2023-07
20230721,21/07/2023,2023,3,7,July,2023-07
20230722,22/07/2023,2023,3,7,July,2023-07
20230723,23/07/2023,2023,3,7,July,2023-07
20230724,24/07/2023,2023,3,7,July,2023-07
20230725,25/07/2023,2023,3,7,July,2023-07
20230726,26/07/2023,2023,3,7,July,2023-07
20230727,27/07/2023,2023,3,7,July,2023-07
20230728,28/07/2023,2023,3,7,July,2023-07
20230729,29/07/2023,2023,3,7,July,2023-07
20230730,30/07/2023,2023,3,7,July,2023-07
20230731,31/07/2023,2023,3,7,July,2023-07
20230801,01/08/2023,2023,3,8,August,2023-08
20230802,02/08/2023,2023,3,8,August,2023-08
20230803,03/08/2023,2023,3,8,August,2023-08
20230804,04/08/2023,2023,3,8,August,2023-08
20230805,05/08/2023,2023,3,8,August,2023-08
20230806,06/08/2023,2023,3,8,August,2023-08
20230807,07/08/2023,2023,3,8,August,2023-08
20230808,08/08/2023,2023,3,8,August,2023-08
20230809,09/08/2023,2023,3,8,August,2023-08
20230810,10/08/2023,2023,3,8,August,2023-08
20230811,11/08/2023,2023,3,8,August,2023-08
20230812,12/08/2023,2023,3,8,August,2023-08
20230813,13/08/2023,2023,3,8,August,2023-08
20230814,14/08/2023,2023,3,8,August,2023-08
20230815,15/08/2023,2023,3,8,August,2023-08
20230816,16/08/2023,2023,3,8,August,2023-08
20230817,17/08/2023,2023,3,8,August,2023-08
20230818,18/08/2023,2023,3,8,August,2023-08
20230819,19/08/2023,2023,3,8,August,2023-08
20230820,20/08/2023,2023,3,8,August,2023-08
20230821,21/08/2023,2023,3,8,August,2023-08
20230822,22/08/2023,2023,3,8,August,2023-08
20230823,23/08/2023,2023,3,8,August,2023-08
20230824,24/08/2023,2023,3,8,August,2023-08
20230825,25/08/2023,2023,3,8,August,2023-08
20230826,26/08/2023,2023,3,8,August,2023-08
20230827,27/08/2023,2023,3,8,August,2023-08
20230828,28/08/2023,2023,3,8,August,2023-08
20230829,29/08/2023,2023,3,8,August,2023-08
20230830,30/08/2023,2023,3,8,August,2023-08
20230831,31/08/2023,2023,3,8,August,2023-08
20230901,01/09/2023,2023,3,9,September,2023-09
20230902,02/09/2023,2023,3,9,September,2023-09
20230903,03/09/2023,2023,3,9,September,2023-09
20230904,04/09/2023,2023,3,9,September,2023-09
20230905,05/09/2023,2023,3,9,September,2023-09
20230906,06/09/2023,2023,3,9,September,2023-09
20230907,07/09/2023,2023,3,9,September,2023-09
20230908,08/09/2023,2023,3,9,September,2023-09
20230909,09/09/2023,2023,3,9,September,2023-09
20230910,10/09/2023,2023,3,9,September,2023-09
20230911,11/09/2023,2023,3,9,September,2023-09
20230912,12/09/2023,2023,3,9,September,2023-09
20230913,13/09/2023,2023,3,9,September,2023-09
20230914,14/09/2023,2023,3,9,September,2023-09
20230915,15/09/2023,2023,3,9,September,2023-09
20230916,16/09/2023,2023,3,9,September,2023-09
20230917,17/09/2023,2023,3,9,September,2023-09
20230918,18/09/2023,2023,3,9,September,2023-09
20230919,19/09/2023,2023,3,9,September,2023-09
20230920,20/09/2023,2023,3,9,September,2023-09
20230921,21/09/2023,2023,3,9,September,2023-09
20230922,22/09/2023,2023,3,9,September,2023-09
20230923,23/09/2023,2023,3,9,September,2023-09
20230924,24/09/2023,2023,3,9,September,2023-09
20230925,25/09/2023,2023,3,9,September,2023-09
20230926,26/09/2023,2023,3,9,September,2023-09
20230927,27/09/2023,2023,3,9,September,2023-09
20230928,28/09/2023,2023,3,9,September,2023-09
20230929,29/09/2023,2023,3,9,September,2023-09
20230930,30/09/2023,2023,3,9,September,2023-09
20231001,01/10/2023,2023,4,10,October,2023-10
20231002,02/10/2023,2023,4,10,October,2023-10
20231003,03/10/2023,2023,4,10,October,2023-10
20231004,04/10/2023,2023,4,10,October,2023-10
20231005,05/10/2023,2023,4,10,October,2023-10
20231006,06/10/2023,2023,4,10,October,2023-10
20231007,07/10/2023,2023,4,10,October,2023-10
20231008,08/10/2023,2023,4,10,October,2023-10
20231009,09/10/2023,2023,4,10,October,2023-10
20231010,10/10/2023,2023,4,10,October,2023-10
20231011,11/10/2023,2023,4,10,October,2023-10
20231012,12/10/2023,2023,4,10,October,2023-10
20231013,13/10/2023,2023,4,10,October,2023-10
20231014,14/10/2023,2023,4,10,October,2023-10
20231015,15/10/2023,2023,4,10,October,2023-10
20231016,16/10/2023,2023,4,10,October,2023-10
20231017,17/10/2023,2023,4,10,October,2023-10
20231018,18/10/2023,2023,4,10,October,2023-10
20231019,19/10/2023,2023,4,10,October,2023-10
20231020,20/10/2023,2023,4,10,October,2023-10
20231021,21/10/2023,2023,4,10,October,2023-10
20231022,22/10/2023,2023,4,10,October,2023-10
20231023,23/10/2023,2023,4,10,October,2023-10
20231024,24/10/2023,2023,4,10,October,2023-10
20231025,25/10/2023,2023,4,10,October,2023-10
20231026,26/10/2023,2023,4,10,October,2023-10
20231027,27/10/2023,2023,4,10,October,2023-10
20231028,28/10/2023,2023,4,10,October,2023-10
20231029,29/10/2023,2023,4,10,October,2023-10
20231030,30/10/2023,2023,4,10,October,2023-10
20231031,31/10/2023,2023,4,10,October,2023-10
20231101,01/11/2023,2023,4,11,November,2023-11
20231102,02/11/2023,2023,4,11,November,2023-11
20231103,03/11/2023,2023,4,11,November,2023-11
20231104,04/11/2023,2023,4,11,November,2023-11
20231105,05/11/2023,2023,4,11,November,2023-11
20231106,06/11/2023,2023,4,11,November,2023-11
20231107,07/11/2023,2023,4,11,November,2023-11
20231108,08/11/2023,2023,4,11,November,2023-11
20231109,09/11/2023,2023,4,11,November,2023-11
20231110,10/11/2023,2023,4,11,November,2023-11
20231111,11/11/2023,2023,4,11,November,2023-11
20231112,12/11/2023,2023,4,11,November,2023-11
20231113,13/11/2023,2023,4,11,November,2023-11
20231114,14/11/2023,2023,4,11,November,2023-11
20231115,15/11/2023,2023,4,11,November,2023-11
20231116,16/11/2023,2023,4,11,November,2023-11
20231117,17/11/2023,2023,4,11,November,2023-11
20231118,18/11/2023,2023,4,11,November,2023-11
20231119,19/11/2023,2023,4,11,November,2023-11
20231120,20/11/2023,2023,4,11,November,2023-11
20231121,21/11/2023,2023,4,11,November,2023-11
20231122,22/11/2023,2023,4,11,November,2023-11
20231123,23/11/2023,2023,4,11,November,2023-11
20231124,24/11/2023,2023,4,11,November,2023-11
20231125,25/11/2023,2023,4,11,November,2023-11
20231126,26/11/2023,2023,4,11,November,2023-11
20231127,27/11/2023,2023,4,11,November,2023-11
20231128,28/11/2023,2023,4,11,November,2023-11
20231129,29/11/2023,2023,4,11,November,2023-11
20231130,30/11/2023,2023,4,11,November,2023-11
20231201,01/12/2023,2023,4,12,December,2023-12
20231202,02/12/2023,2023,4,12,December,2023-12
20231203,03/12/2023,2023,4,12,December,2023-12
20231204,04/12/2023,2023,4,12,December,2023-12
20231205,05/12/2023,2023,4,12,December,2023-12
20231206,06/12/2023,2023,4,12,December,2023-12
20231207,07/12/2023,2023,4,12,December,2023-12
20231208,08/12/2023,2023,4,12,December,2023-12
20231209,09/12/2023,2023,4,12,December,2023-12
20231210,10/12/2023,2023,4,12,December,2023-12
20231211,11/12/2023,2023,4,12,December,2023-12
20231212,12/12/2023,2023,4,12,December,2023-12
20231213,13/12/2023,2023,4,12,December,2023-12
20231214,14/12/2023,2023,4,12,December,2023-12
20231215,15/12/2023,2023,4,12,December,2023-12
20231216,16/12/2023,2023,4,12,December,2023-12
20231217,17/12/2023,2023,4,12,December,2023-12
20231218,18/12/2023,2023,4,12,December,2023-12
20231219,19/12/2023,2023,4,12,December,2023-12
20231220,20/12/2023,2023,4,12,December,2023-12
20231221,21/12/2023,2023,4,12,December,2023-12
20231222,22/12/2023,2023,4,12,December,2023-12
20231223,23/12/2023,2023,4,12,December,2023-12
20231224,24/12/2023,2023,4,12,December,2023-12
20231225,25/12/2023,2023,4,12,December,2023-12
20231226,26/12/2023,2023,4,12,December,2023-12
20231227,27/12/2023,2023,4,12,December,2023-12
20231228,28/12/2023,2023,4,12,December,2023-12
20231229,29/12/2023,2023,4,12,December,2023-12
20231230,30/12/2023,2023,4,12,December,2023-12
20231231,31/12/2023,2023,4,12,December,2023-12
